,rmse,mse,mae,r2,pw_bias,pw_bias_corrected,data_driv_bias
0,0.03179413140670396,0.0010108667919067592,0.02615829256376213,-0.059655516686119014,0.004199250575099468,-0.0034987205634715223,
1,0.024297598020036944,0.0005903732695433032,0.019857857881627014,0.4256432653134834,-0.0029143456946245394,0.00550053346007596,
